{"1": 1.2547089474399993, "2": 1.092954599406437, "3": 0.8473348470794281, "4": 0.9994353313055632, "5": 0.6317746886218444, "6": 0.8915178827126712, "7": 0.8952978315061714, "8": 0.6864342988218207, "9": 0.7181444365826819, "10": 1.2030925297869908, "11": 1.542593182550035, "12": 1.2367114241863548}