{"revenue_mean":{"STORE_1":10088.7967792251,"STORE_10":9977.810896196,"STORE_2":10010.4182650246,"STORE_3":10122.3254335647,"STORE_4":10457.8300827289,"STORE_5":9960.3152981457,"STORE_6":10059.8583021372,"STORE_7":10046.7589559476,"STORE_8":9868.7675024848,"STORE_9":10264.2807975198},"revenue_std":{"STORE_1":2912.8937131587,"STORE_10":3042.7997898568,"STORE_2":3356.4202984626,"STORE_3":3158.7748542285,"STORE_4":2902.5891425208,"STORE_5":3151.7604261766,"STORE_6":3105.953531957,"STORE_7":3016.2180578614,"STORE_8":3217.5582473135,"STORE_9":2987.7272340063},"revenue_median":{"STORE_1":10061.39716187,"STORE_10":9971.8239218496,"STORE_2":9354.2979611955,"STORE_3":9681.9134184635,"STORE_4":9912.4788603681,"STORE_5":9580.8455066711,"STORE_6":9527.1904868597,"STORE_7":9738.5227992863,"STORE_8":9725.228717781,"STORE_9":10109.6742045669},"qty_sold_mean":{"STORE_1":9.6,"STORE_10":9.4666666667,"STORE_2":9.4777777778,"STORE_3":9.6555555556,"STORE_4":9.9222222222,"STORE_5":9.5,"STORE_6":9.5333333333,"STORE_7":9.5555555556,"STORE_8":9.4,"STORE_9":9.7555555556},"qty_sold_std":{"STORE_1":2.9482426683,"STORE_10":3.021272892,"STORE_2":3.3628097461,"STORE_3":3.1911433304,"STORE_4":2.8960561241,"STORE_5":3.1808768489,"STORE_6":3.1200691436,"STORE_7":2.979748542,"STORE_8":3.2074351824,"STORE_9":3.0105100957},"qty_sold_median":{"STORE_1":9.5,"STORE_10":9.0,"STORE_2":9.0,"STORE_3":9.0,"STORE_4":9.0,"STORE_5":9.0,"STORE_6":9.0,"STORE_7":9.0,"STORE_8":9.0,"STORE_9":10.0}}